{"cameraMode":{"drawMode":0,"name":"Shaded","section":"Shading Mode"},"sceneLighting":true,"audioPlay":false,"sceneViewState":{"showFog":true,"showMaterialUpdate":true,"showSkybox":true,"showFlares":true,"showImageEffects":true,"showParticleSystems":true},"in2DMode":false,"pivot":{"x":-7.344860076904297,"y":37.96465301513672,"z":8.069694519042969},"rotation":{"x":0.11215284466743469,"y":-0.044103462249040607,"z":0.0049835145473480228,"w":0.9927052855491638},"size":42.161903381347659,"orthographic":false}