{"cameraMode":{"drawMode":0,"name":"Shaded","section":"Shading Mode"},"sceneLighting":true,"audioPlay":false,"sceneViewState":{"showFog":true,"showMaterialUpdate":false,"showSkybox":true,"showFlares":true,"showImageEffects":true,"showParticleSystems":true},"in2DMode":false,"pivot":{"x":1784.7847900390625,"y":1023.8497924804688,"z":6.8248138427734379},"rotation":{"x":0.16142171621322633,"y":-0.12692956626415254,"z":0.020929763093590738,"w":0.9784747362136841},"size":138.6542510986328,"orthographic":false}