{"cameraMode":{"drawMode":0,"name":"Shaded","section":"Shading Mode"},"sceneLighting":false,"audioPlay":false,"sceneViewState":{"showFog":true,"showMaterialUpdate":false,"showSkybox":false,"showFlares":true,"showImageEffects":true,"showParticleSystems":true},"in2DMode":false,"pivot":{"x":-4.179999828338623,"y":1.999680757522583,"z":-0.1354607343673706},"rotation":{"x":-0.20865879952907563,"y":-0.4006633758544922,"z":0.0942358747124672,"w":-0.8871601819992065},"size":2.903174638748169,"orthographic":false}