{"cameraMode":{"drawMode":0,"name":"Shaded","section":"Shading Mode"},"sceneLighting":true,"audioPlay":false,"sceneViewState":{"showFog":true,"showMaterialUpdate":false,"showSkybox":true,"showFlares":true,"showImageEffects":true,"showParticleSystems":true},"in2DMode":false,"pivot":{"x":-27.4250431060791,"y":8.549583435058594,"z":37.25532531738281},"rotation":{"x":0.16142171621322633,"y":-0.12692956626415254,"z":0.020929763093590738,"w":0.9784747362136841},"size":30.49346923828125,"orthographic":false}