{"cameraMode":{"drawMode":0,"name":"Shaded","section":"Shading Mode"},"sceneLighting":false,"audioPlay":false,"sceneViewState":{"showFog":true,"showMaterialUpdate":false,"showSkybox":false,"showFlares":true,"showImageEffects":true,"showParticleSystems":true},"in2DMode":false,"pivot":{"x":1.479576826095581,"y":0.1502453088760376,"z":-0.048791706562042239},"rotation":{"x":-0.20865879952907563,"y":-0.4006633758544922,"z":0.0942358747124672,"w":-0.8871601819992065},"size":0.7514325380325317,"orthographic":false}