{"cameraMode":{"drawMode":0,"name":"Shaded","section":"Shading Mode"},"sceneLighting":false,"audioPlay":false,"sceneViewState":{"showFog":true,"showMaterialUpdate":false,"showSkybox":false,"showFlares":true,"showImageEffects":true,"showParticleSystems":true},"in2DMode":false,"pivot":{"x":-0.6230735778808594,"y":1.1893635988235474,"z":0.7126379013061523},"rotation":{"x":0.7102016806602478,"y":-0.010558370500802994,"z":0.010653824545443058,"w":0.7038384675979614},"size":1.1927586793899537,"orthographic":false}